team_name,last_name,first_name
Baltimore Ravens,Aiken,Kamar
Baltimore Ravens,Allen,Javorius
Baltimore Ravens,Arrington,Kyle
Baltimore Ravens,Boyle,Nick
Baltimore Ravens,Canady,Maurice
Baltimore Ravens,Carter,Chris
Baltimore Ravens,Clay,Kaelin
Baltimore Ravens,Correa,Kamalei
Baltimore Ravens,Cox,Morgan
Baltimore Ravens,Davis,Carl
Baltimore Ravens,Davis,Will
Baltimore Ravens,Dixon,Kenneth
Baltimore Ravens,Dumervil,Elvis
Baltimore Ravens,Elam,Matt
Baltimore Ravens,Flacco,Joe
Baltimore Ravens,Forsett,Justin
Baltimore Ravens,Gillmore,Crockett
Baltimore Ravens,Guy,Lawrence
Baltimore Ravens,Henry,Willie
Baltimore Ravens,Hester,Devin
Baltimore Ravens,Hurst,James
Baltimore Ravens,Jensen,Ryan
Baltimore Ravens,Jernigan,Timmy
Baltimore Ravens,Judon,Matt
Baltimore Ravens,Juszczyk,Kyle
Baltimore Ravens,Kaufusi,Bronson
Baltimore Ravens,Koch,Sam
Baltimore Ravens,Levine,Anthony
Baltimore Ravens,Lewis,Alex
Baltimore Ravens,Lewis,Kendrick
Baltimore Ravens,Luckett,Cavellis
Baltimore Ravens,Mallett,Ryan
Baltimore Ravens,Matthews,Chris
Baltimore Ravens,McClellan,Albert
Baltimore Ravens,Moore,Chris
Baltimore Ravens,Mosley,C.J.
Baltimore Ravens,Nembot,Stephane
Baltimore Ravens,Orr,Zach
Baltimore Ravens,Perriman,Breshad
Baltimore Ravens,Pierce,Michael
Baltimore Ravens,Pitta,Dennis
Baltimore Ravens,Powers,Jerraud
Baltimore Ravens,Price,Sheldon
Baltimore Ravens,Rolle,Jumal
Baltimore Ravens,Smith,Jimmy
Baltimore Ravens,Smith,Steve
Baltimore Ravens,Smith,Za'Darius
Baltimore Ravens,Stanley,Ronnie
Baltimore Ravens,Suggs,Terrell
Baltimore Ravens,Taliaferro,Lorenzo
Baltimore Ravens,Tucker,Justin
Baltimore Ravens,Urban,Brent
Baltimore Ravens,Urschel,John
Baltimore Ravens,Wagner,Ricky
Baltimore Ravens,Wallace,Mike
Baltimore Ravens,Waller,Darren
Baltimore Ravens,Watson,Benjamin
Baltimore Ravens,Webb,Lardarius
Baltimore Ravens,Weddle,Eric
Baltimore Ravens,Wesley,De'Ondre
Baltimore Ravens,West,Terrance
Baltimore Ravens,Williams,Brandon
Baltimore Ravens,Williams,Maxx
Baltimore Ravens,Wright,Shareece
Baltimore Ravens,Yanda,Marshal
Baltimore Ravens,Young,Tavon
Baltimore Ravens,Zuttah,Jeremy
Cincinnati Bengals,Atkins,Geno
Cincinnati Bengals,Bernard,Giovani
Cincinnati Bengals,Billings,Andrew
Cincinnati Bengals,Bodine,Russell
Cincinnati Bengals,Boling,Clint
Cincinnati Bengals,Boyd,Tyler
Cincinnati Bengals,Brown,Chykie
Cincinnati Bengals,Burfict,Vontaze
Cincinnati Bengals,Burkhead,Rex
Cincinnati Bengals,Clarke,Will
Cincinnati Bengals,Core,Cody
Cincinnati Bengals,Dalton,Andy
Cincinnati Bengals,Dansby,Karlos
Cincinnati Bengals,Dennard,Darqueze
Cincinnati Bengals,Driskel,Jeff
Cincinnati Bengals,Dunlap,Carlos
Cincinnati Bengals,Eifert,Tyler
Cincinnati Bengals,Erickson,Alex
Cincinnati Bengals,Fejedelem,Clayton
Cincinnati Bengals,Fisher,Jake
Cincinnati Bengals,Flowers,Marquis
Cincinnati Bengals,Green,A.J.
Cincinnati Bengals,Hardison,Marcus
Cincinnati Bengals,Harris,Clark
Cincinnati Bengals,Hewitt,Ryan
Cincinnati Bengals,Hill,Jeremy
Cincinnati Bengals,Huber,Kevin
Cincinnati Bengals,Hunt,Margus
Cincinnati Bengals,Iloka,George
Cincinnati Bengals,Jackson,William
Cincinnati Bengals,Johnson,T.J.
Cincinnati Bengals,Johnson,Michael
Cincinnati Bengals,Jones,Adam
Cincinnati Bengals,Kirkpatrick,Dre
Cincinnati Bengals,Kroft,Tyler
Cincinnati Bengals,LaFell,Brandon
Cincinnati Bengals,Lewis-Harris,Chris
Cincinnati Bengals,Maualuga,Rey
Cincinnati Bengals,McCarron,AJ
Cincinnati Bengals,Nugent,Mike
Cincinnati Bengals,Ogbuehi,Cedric
Cincinnati Bengals,Peerman,Cedric
Cincinnati Bengals,Peko,Domata
Cincinnati Bengals,Rey,Vincent
Cincinnati Bengals,Roach,Trevor
Cincinnati Bengals,Russell,KeiVarae
Cincinnati Bengals,Shaw,Josh
Cincinnati Bengals,Sims,Pat
Cincinnati Bengals,Smith,Derron
Cincinnati Bengals,Thompson,Brandon
Cincinnati Bengals,Uzomah,C.J.
Cincinnati Bengals,Vigil,Nick
Cincinnati Bengals,Westerman,Christian
Cincinnati Bengals,Whitworth,Andrew
Cincinnati Bengals,Williams,DeShawn
Cincinnati Bengals,Williams,Shawn
Cincinnati Bengals,Winston,Eric
Cincinnati Bengals,Wright,James
Cincinnati Bengals,Zeitler,Kevin
Cleveland Browns,Alexander,Dominique
Cleveland Browns,Atkinson,George
Cleveland Browns,Bailey,Alvin
Cleveland Browns,Barnidge,Gary
Cleveland Browns,Bitonio,Joel
Cleveland Browns,Boddy-Calhoun,Briean
Cleveland Browns,Bryant,Armonty
Cleveland Browns,Burley,Marcus
Cleveland Browns,Campbell,Ibraheim
Cleveland Browns,Carder,Tank
Cleveland Browns,Coleman,Corey
Cleveland Browns,Coleman,Shon
Cleveland Browns,Colquitt,Britton
Cleveland Browns,Cooper,Xavier
Cleveland Browns,Crowell,Isaiah
Cleveland Browns,Davis,Demario
Cleveland Browns,Devalve,Seth
Cleveland Browns,Drango,Spencer
Cleveland Browns,Erving,Cameron
Cleveland Browns,Gordon,Josh
Cleveland Browns,Greco,John
Cleveland Browns,Griffin III,Robert
Cleveland Browns,Haden,Joe
Cleveland Browns,Hall,Rannell
Cleveland Browns,Hawkins,Andrew
Cleveland Browns,Higgins,Rashard
Cleveland Browns,Holmes,Tyrone
Cleveland Browns,Howard,Tracy
Cleveland Browns,Hughlett,Charley
Cleveland Browns,Johnson,Malcolm
Cleveland Browns,Johnson,Duke
Cleveland Browns,Jones,Don
Cleveland Browns,Kessler,Cody
Cleveland Browns,Kindred,Derrick
Cleveland Browns,Kirksey,Chris
Cleveland Browns,Lawrence-Stample,Nile
Cleveland Browns,Lemonier,Corey
Cleveland Browns,Louis,Ricardo
Cleveland Browns,McCown,Josh
Cleveland Browns,Meder,Jamie
Cleveland Browns,Murray,Patrick
Cleveland Browns,Nassib,Carl
Cleveland Browns,Neal,Rajion
Cleveland Browns,Ogbah,Emmanuel
Cleveland Browns,Orchard,Nate
Cleveland Browns,Paea,Stephen
Cleveland Browns,Parkey,Cody
Cleveland Browns,Parks,Dennis
Cleveland Browns,Pasztor,Austin
Cleveland Browns,Payton,Jordan
Cleveland Browns,Poyer,Jordan
Cleveland Browns,Pryor,Terrelle
Cleveland Browns,Reiter,Austin
Cleveland Browns,Schobert,Joe
Cleveland Browns,Shelton,Danny
Cleveland Browns,Taylor,Jamar
Cleveland Browns,Telfer,Randall
Cleveland Browns,Thomas,Joe
Cleveland Browns,Whitehurst,Charlie
Cleveland Browns,Williams,Tramon
Cleveland Browns,Winston,Glenn
Cleveland Browns,Wright,Gabe
Cleveland Browns,Wynn,Dylan
Pittsburgh Steelers,Allen,Cortez
Pittsburgh Steelers,Anderson,Kevin
Pittsburgh Steelers,Bell,Le'Veon
Pittsburgh Steelers,Berry,Jordan
Pittsburgh Steelers,Boswell,Chris
Pittsburgh Steelers,Brown,Antonio
Pittsburgh Steelers,Bryant,Martavis
Pittsburgh Steelers,Burns,Artie
Pittsburgh Steelers,Chickillo,Anthony
Pittsburgh Steelers,Coates,Sammie
Pittsburgh Steelers,Cockrell,Ross
Pittsburgh Steelers,Dangerfield,Jordan
Pittsburgh Steelers,Davis,Sean
Pittsburgh Steelers,DeCastro,David
Pittsburgh Steelers,Dupree,Bud
Pittsburgh Steelers,Finney,B.J.
Pittsburgh Steelers,Fort,L.J.
Pittsburgh Steelers,Foster,Ramon
Pittsburgh Steelers,Gay,William
Pittsburgh Steelers,Gilbert,Justin
Pittsburgh Steelers,Gilbert,Marcus
Pittsburgh Steelers,Golden,Robert
Pittsburgh Steelers,Golson,Senquez
Pittsburgh Steelers,Gradkowski,Bruce
Pittsburgh Steelers,Green,Ladarius
Pittsburgh Steelers,Grimble,Xavier
Pittsburgh Steelers,Hargrave,Javon
Pittsburgh Steelers,Harris,Ryan
Pittsburgh Steelers,Harrison,James
Pittsburgh Steelers,Hawkins,Jerald
Pittsburgh Steelers,Heyward,Cameron
Pittsburgh Steelers,Heyward-Bey,Darrius
Pittsburgh Steelers,Hubbard,Chris
Pittsburgh Steelers,James,Jesse
Pittsburgh Steelers,Johnson,David
Pittsburgh Steelers,Johnson,Steven
Pittsburgh Steelers,Jones,Jarvis
Pittsburgh Steelers,Jones,Landry
Pittsburgh Steelers,Manhart,Cole
Pittsburgh Steelers,Matakevich,Tyler
Pittsburgh Steelers,Mathews,Ricardo
Pittsburgh Steelers,McCullers-Sanders,Dan
Pittsburgh Steelers,Mettenberger,Zach
Pittsburgh Steelers,Mitchell,Mike
Pittsburgh Steelers,Moats,Arthur
Pittsburgh Steelers,Nix-Jones,Roosevelt
Pittsburgh Steelers,Pouncey,Maurkice
Pittsburgh Steelers,Richardson,Daryl
Pittsburgh Steelers,Roethlisberger,Ben
Pittsburgh Steelers,Rogers,Eli
Pittsburgh Steelers,Severin,Canaan
Pittsburgh Steelers,Shazier,Ryan
Pittsburgh Steelers,Thomas,Shamarko
Pittsburgh Steelers,Timmons,Lawrence
Pittsburgh Steelers,Toussaint,Fitzgerald
Pittsburgh Steelers,Tuitt,Stephon
Pittsburgh Steelers,Ume-Ezeoke,Valerian
Pittsburgh Steelers,Villanueva,Alejandro
Pittsburgh Steelers,Wallace,Cody
Pittsburgh Steelers,Walton,L.T.
Pittsburgh Steelers,Warren,Greg
Pittsburgh Steelers,Wheaton,Markus
Pittsburgh Steelers,Williams,DeAngelo
Pittsburgh Steelers,Williams,Vince
Buffalo Bills,Alexander,Lorenzo
Buffalo Bills,Anderson,Colt
Buffalo Bills,Annen,Blake
Buffalo Bills,Blanton,Robert
Buffalo Bills,Brown,Preston
Buffalo Bills,Brown,Zach
Buffalo Bills,Bryant,Corbin
Buffalo Bills,Bush,Reggie
Buffalo Bills,Carpenter,Dan
Buffalo Bills,Clay,Charles
Buffalo Bills,Darby,Ronald
Buffalo Bills,Dareus,Marcell
Buffalo Bills,Douzable,Leger
Buffalo Bills,Dowling,Jonathan
Buffalo Bills,Dray,Jim
Buffalo Bills,Easley,Marcus
Buffalo Bills,Enemkpali,IK
Buffalo Bills,Felton,Jerome
Buffalo Bills,Gillislee,Mike
Buffalo Bills,Gilmore,Stephon
Buffalo Bills,Glenn,Cordy
Buffalo Bills,Goodwin,Marquise
Buffalo Bills,Gragg,Chris
Buffalo Bills,Graham,Corey
Buffalo Bills,Groy,Ryan
Buffalo Bills,Henderson,Seantrel
Buffalo Bills,Hughes,Jerry
Buffalo Bills,Humber,Ramon
Buffalo Bills,Ikard,Gabe
Buffalo Bills,Incognito,Richie
Buffalo Bills,Jones,Cardale
Buffalo Bills,Kouandjio,Cyrus
Buffalo Bills,Lawson,Shaq
Buffalo Bills,Lewis,Patrick
Buffalo Bills,Manuel,EJ
Buffalo Bills,McCoy,LeSean
Buffalo Bills,McCray,Lerentee
Buffalo Bills,Meeks,Jonathan
Buffalo Bills,Miller,John
Buffalo Bills,Mills,Jordan
Buffalo Bills,O'Leary,Nick
Buffalo Bills,Powell,Walt
Buffalo Bills,Ragland,Reggie
Buffalo Bills,Robey,Nickell
Buffalo Bills,Salas,Greg
Buffalo Bills,Sanborn,Garrison
Buffalo Bills,Schmidt,Colton
Buffalo Bills,Seymour,Kevon
Buffalo Bills,Spikes,Brandon
Buffalo Bills,Tate,Brandon
Buffalo Bills,Taylor,Tyrod
Buffalo Bills,Thomas,Phillip
Buffalo Bills,Washington,Adolphus
Buffalo Bills,Watkins,Sammy
Buffalo Bills,White,Corey
Buffalo Bills,Williams,Aaron
Buffalo Bills,Williams,Jonathan
Buffalo Bills,Williams,Kyle
Buffalo Bills,Williams,Duke
Buffalo Bills,Wood,Eric
Buffalo Bills,Woods,Robert
Buffalo Bills,Worthy,Jerel
Miami Dolphins,Abdul-Quddus,Isa
Miami Dolphins,Aikens,Walt
Miami Dolphins,Ajayi,Jay
Miami Dolphins,Albert,Branden
Miami Dolphins,Alonso,Kiko
Miami Dolphins,Branch,Andre
Miami Dolphins,Bushrod,Jermon
Miami Dolphins,Butler,Donald
Miami Dolphins,Cameron,Jordan
Miami Dolphins,Carroo,Leonte
Miami Dolphins,Culliver,Chris
Miami Dolphins,Darr,Matt
Miami Dolphins,Denney,John
Miami Dolphins,Drake,Kenyan
Miami Dolphins,Ekpre-Olomu,Ifo
Miami Dolphins,Fede,Terrence
Miami Dolphins,Foster,Arian
Miami Dolphins,Franks,Andrew
Miami Dolphins,Grant,Jakeem
Miami Dolphins,Gray,MarQueis
Miami Dolphins,Hewitt,Neville
Miami Dolphins,Howard,Xavien
Miami Dolphins,Hull,Mike
Miami Dolphins,Hunter,Justin
Miami Dolphins,James,Ja'Wuan
Miami Dolphins,Jenkins,Jelani
Miami Dolphins,Jones,Chris
Miami Dolphins,Jones,Jason
Miami Dolphins,Jones,Reshad
Miami Dolphins,Landry,Jarvis
Miami Dolphins,Lippett,Tony
Miami Dolphins,Lucas,Jordan
Miami Dolphins,Maxwell,Byron
Miami Dolphins,McCain,Bobby
Miami Dolphins,Misi,Koa
Miami Dolphins,Mitchell,Earl
Miami Dolphins,Moore,Matt
Miami Dolphins,Parker,DeVante
Miami Dolphins,Paysinger,Spencer
Miami Dolphins,Pead,Isaiah
Miami Dolphins,Phillips,Jordan
Miami Dolphins,Pouncey,Mike
Miami Dolphins,Sims,Dion
Miami Dolphins,Steen,Anthony
Miami Dolphins,Stills,Kenny
Miami Dolphins,Suh,Ndamukong
Miami Dolphins,Tannehill,Ryan
Miami Dolphins,Thomas,Dallas
Miami Dolphins,Thomas,Michael
Miami Dolphins,Tunsil,Laremy
Miami Dolphins,Turner,Billy
Miami Dolphins,Urbik,Kraig
Miami Dolphins,Wake,Cameron
Miami Dolphins,Warmsley,Julius
Miami Dolphins,Williams,Damien
Miami Dolphins,Williams,Mario
New England Patriots,Allen,Ryan
New England Patriots,Amendola,Danny
New England Patriots,Andrews,David
New England Patriots,Bennett,Martellus
New England Patriots,Blount,LeGarrette
New England Patriots,Bolden,Brandon
New England Patriots,Brady,Tom
New England Patriots,Branch,Alan
New England Patriots,Brissett,Jacoby
New England Patriots,Brown,Malcom
New England Patriots,Butler,Malcolm
New England Patriots,Cannon,Marcus
New England Patriots,Cardona,Joe
New England Patriots,Chung,Patrick
New England Patriots,Coleman,Justin
New England Patriots,Collins,Jamie
New England Patriots,Cooper,Jonathan
New England Patriots,Derby,A.J.
New England Patriots,Develin,James
New England Patriots,Ebner,Nate
New England Patriots,Edelman,Julian
New England Patriots,Fleming,Cameron
New England Patriots,Flowers,Trey
New England Patriots,Foster,D.J.
New England Patriots,Freeny,Jonathan
New England Patriots,Garoppolo,Jimmy
New England Patriots,Gostkowski,Stephen
New England Patriots,Gronkowski,Rob
New England Patriots,Harbor,Clay
New England Patriots,Harmon,Duron
New England Patriots,Hightower,Dont'a
New England Patriots,Hogan,Chris
New England Patriots,Hughes,John
New England Patriots,Jackson,Tre
New England Patriots,Jones,Cyrus
New England Patriots,Jones,Jonathan
New England Patriots,Karras,Ted
New England Patriots,King,Brandon
New England Patriots,Lewis,Dion
New England Patriots,Long,Chris
New England Patriots,Mason,Shaq
New England Patriots,McClellin,Shea
New England Patriots,McCourty,Devin
New England Patriots,Mingo,Barkevious
New England Patriots,Mitchell,Malcolm
New England Patriots,Ninkovich,Rob
New England Patriots,Richards,Jordan
New England Patriots,Roberts,Elandon
New England Patriots,Rowe,Eric
New England Patriots,Ryan,Logan
New England Patriots,Sheard,Jabaal
New England Patriots,Slater,Matthew
New England Patriots,Solder,Nate
New England Patriots,Thuney,Joe
New England Patriots,Valentine,Vincent
New England Patriots,Vollmer,Sebastian
New England Patriots,Waddle,LaAdrian
New England Patriots,White,James
New England Patriots,Williams,Michael
New York Jets,Allen,Antonio
New York Jets,Anderson,Robby
New York Jets,Bostick,Brandon
New York Jets,Bowman,Braedon
New York Jets,Burris,Juston
New York Jets,Carpenter,James
New York Jets,Carter,Bruce
New York Jets,Catapano,Mike
New York Jets,Clady,Ryan
New York Jets,Davis,Kellen
New York Jets,Davis,Titus
New York Jets,Decker,Eric
New York Jets,Dozier,Dakota
New York Jets,Edwards,Lac
New York Jets,Enunwa,Quincy
New York Jets,Fitzpatrick,Ryan
New York Jets,Folk,Nick
New York Jets,Forte,Matt
New York Jets,Giacomini,Breno
New York Jets,Gilchrist,Marcus
New York Jets,Hackenberg,Christian
New York Jets,Harris,David
New York Jets,Henderson,Erin
New York Jets,Ijalana,Ben
New York Jets,Jenkins,Jarvis
New York Jets,Jenkins,Jordan
New York Jets,Johnson,Wesley
New York Jets,Lee,Darron
New York Jets,Mangold,Nick
New York Jets,Marshall,Brandon
New York Jets,Marshall,Jalin
New York Jets,Martin,Josh
New York Jets,Mauldin,Lorenzo
New York Jets,McLendon,Steve
New York Jets,Miles,Rontez
New York Jets,Milliner,Dee
New York Jets,Morris,Romar
New York Jets,Obioha,Julien
New York Jets,Peake,Charone
New York Jets,Petty,Bryce
New York Jets,Pope,Troymaine
New York Jets,Powell,Bilal
New York Jets,Pryor,Calvin
New York Jets,Purdum,Tanner
New York Jets,Qvale,Brent
New York Jets,Revis,Darrelle
New York Jets,Richardson,Sheldon
New York Jets,Roberts,Darryl
New York Jets,Seferian-Jenkins,Austin
New York Jets,Shell,Brandon
New York Jets,Simon,Deon
New York Jets,Skrine,Buster
New York Jets,Smith,Devin
New York Jets,Smith,Geno
New York Jets,Thomas,Lawrence
New York Jets,Wilkerson,Muhammad
New York Jets,Williams,Leonard
New York Jets,Williams,Marcus
New York Jets,Winters,Brian
Chicago Bears,Acho,Sam
Chicago Bears,Adams,Mike
Chicago Bears,Amos,Adrian
Chicago Bears,Barkley,Matt
Chicago Bears,Barrow,Lamin
Chicago Bears,Barth,Connor
Chicago Bears,Becton,Nick
Chicago Bears,Bellamy,Josh
Chicago Bears,Boykin,Brandon
Chicago Bears,Bullard,Jonathan
Chicago Bears,Bush,Deon
Chicago Bears,Callahan,Bryce
Chicago Bears,Carey,Ka'Deem
Chicago Bears,Cutler,Jay
Chicago Bears,Ferguson,Ego
Chicago Bears,Floyd,Leonard
Chicago Bears,Freeman,Jerrell
Chicago Bears,Fuller,Kyle
Chicago Bears,Glenn,Jacoby
Chicago Bears,Goldman,Eddie
Chicago Bears,Grasu,Hroniss
Chicago Bears,Hall,Deiondre'
Chicago Bears,Hicks,Akiem
Chicago Bears,Houston,Lamarr
Chicago Bears,Houston-Carson,DeAndre
Chicago Bears,Howard,Jordan
Chicago Bears,Hoyer,Brian
Chicago Bears,Jeffery,Alshon
Chicago Bears,Jones,Christian
Chicago Bears,Jones-Quartey,Harold
Chicago Bears,Kush,Eric
Chicago Bears,Kwiatkoski,Nick
Chicago Bears,Langford,Jeremy
Chicago Bears,Larsen,Ted
Chicago Bears,LeBlanc,Cre'von
Chicago Bears,Leno,Charles
Chicago Bears,Long,Kyle
Chicago Bears,Mason,Danny
Chicago Bears,Massie,Bobby
Chicago Bears,McManis,Sherrick
Chicago Bears,McPhee,Pernell
Chicago Bears,Meredith,Cameron
Chicago Bears,Miller,Zach
Chicago Bears,Mostert,Raheem
Chicago Bears,O'Donnell,Pat
Chicago Bears,Paulsen,Logan
Chicago Bears,Porter,Tracy
Chicago Bears,Prosinski,Chris
Chicago Bears,Royal,Eddie
Chicago Bears,Scales,Patrick
Chicago Bears,Shaw,Connor
Chicago Bears,Sitton,Josh
Chicago Bears,Sutton,Will
Chicago Bears,Thompson,Deonte
Chicago Bears,Trevathan,Danny
Chicago Bears,Unrein,Mitch
Chicago Bears,Washington,Cornelius
Chicago Bears,White,Kevin
Chicago Bears,Whitehair,Cody
Chicago Bears,Wilson,Marquess
Chicago Bears,Young,Willie
Detroit Lions,Abdullah,Ameer
Detroit Lions,Ansah,Ezekiel
Detroit Lions,Armbrister,Thurston
Detroit Lions,Bademosi,Johnson
Detroit Lions,Barnes,Adairius
Detroit Lions,Boldin,Anquan
Detroit Lions,Bostic,Jon
Detroit Lions,Burton,Michael
Detroit Lions,Bush,Rafael
Detroit Lions,Carey,Don
Detroit Lions,Charles,Orson
Detroit Lions,Charles,Stefan
Detroit Lions,Copeland,Brandon
Detroit Lions,Dahl,Joe
Detroit Lions,Decker,Taylor
Detroit Lions,Diggs,Quandre
Detroit Lions,Dobson,Aaron
Detroit Lions,Ebron,Eric
Detroit Lions,Fuller,Corey
Detroit Lions,Gilberry,Wallace
Detroit Lions,Glasgow,Graham
Detroit Lions,Hyder,Kerry
Detroit Lions,Jones,Marvin
Detroit Lions,Killebrew,Miles
Detroit Lions,Landes,Jimmy
Detroit Lions,Lawson,Nevin
Detroit Lions,Lee,Khari
Detroit Lions,Levy,DeAndre
Detroit Lions,Lucas,Cornelius
Detroit Lions,Martin,Sam
Detroit Lions,Muhlbach,Don
Detroit Lions,Ngata,Haloti
Detroit Lions,Orlovsky,Dan
Detroit Lions,Pettigrew,Brandon
Detroit Lions,Prater,Matt
Detroit Lions,Quin,Glover
Detroit Lions,Reiff,Riley
Detroit Lions,Riddick,Theo
Detroit Lions,Roberts,Andre
Detroit Lions,Robinson,A'Shawn
Detroit Lions,Robinson,Corey
Detroit Lions,Slay,Darius
Detroit Lions,Spadola,Ryan
Detroit Lions,Stafford,Matthew
Detroit Lions,Swanson,Travis
Detroit Lions,Tate,Golden
Detroit Lions,Taylor,Devin
Detroit Lions,Thornton,Khyri
Detroit Lions,Tomlinson,Laken
Detroit Lions,Van Noy,Kyle
Detroit Lions,Walker,Tyrunn
Detroit Lions,Warford,Larry
Detroit Lions,Washington,Dwayne
Detroit Lions,Wells,Ian
Detroit Lions,Whitehead,Tahir
Detroit Lions,Wick,Cole
Detroit Lions,Williams,Antwione
Detroit Lions,Wilson,Tavon
Detroit Lions,Wright,Timothy
Detroit Lions,Zenner,Zach
Detroit Lions,Zettel,Anthony
Green Bay Packers,Abbrederis,Jared
Green Bay Packers,Adams,Davante
Green Bay Packers,Bakhtiari,David
Green Bay Packers,Banjo,Chris
Green Bay Packers,Barclay,Don
Green Bay Packers,Brice,Kentrell
Green Bay Packers,Bulaga,Bryan
Green Bay Packers,Burnett,Morgan
Green Bay Packers,Callahan,Joe
Green Bay Packers,Clark,Kenny
Green Bay Packers,Clinton-Dix,Ha Ha
Green Bay Packers,Cobb,Randall
Green Bay Packers,Cook,Jared
Green Bay Packers,Crockett,John
Green Bay Packers,Crosby,Mason
Green Bay Packers,Daniels,Mike
Green Bay Packers,Davis,Trevor
Green Bay Packers,Dorleant,Makinton
Green Bay Packers,Elliott,Jay
Green Bay Packers,Evans,Marwin
Green Bay Packers,Fackrell,Kyler
Green Bay Packers,Goode,Brett
Green Bay Packers,Goodson,Demetri
Green Bay Packers,Guion,Letroy
Green Bay Packers,Gunter,LaDarius
Green Bay Packers,Hawkins,Josh
Green Bay Packers,Hundley,Brett
Green Bay Packers,Hyde,Micah
Green Bay Packers,Janis,Jeff
Green Bay Packers,Jones,Datone
Green Bay Packers,Kuder,Tyler
Green Bay Packers,Lacy,Eddie
Green Bay Packers,Lang,T.J.
Green Bay Packers,Linsley,Corey
Green Bay Packers,Lowry,Dean
Green Bay Packers,Martinez,Blake
Green Bay Packers,Matthews,Clay
Green Bay Packers,Montgomery,Ty
Green Bay Packers,Murphy,Kyle
Green Bay Packers,Nelson,Jordy
Green Bay Packers,Pennel,Mike
Green Bay Packers,Peppers,Julius
Green Bay Packers,Perillo,Justin
Green Bay Packers,Perry,Nick
Green Bay Packers,Price,Brian
Green Bay Packers,Randall,Damarious
Green Bay Packers,Ringo,Christian
Green Bay Packers,Ripkowski,Aaron
Green Bay Packers,Rodgers,Aaron
Green Bay Packers,Rodgers,Richard
Green Bay Packers,Rollins,Quinten
Green Bay Packers,Ryan,Jake
Green Bay Packers,Schum,Jacob
Green Bay Packers,Shields,Sam
Green Bay Packers,Spriggs,Jason
Green Bay Packers,Starks,James
Green Bay Packers,Taylor,Lane
Green Bay Packers,Thomas,Joe
Green Bay Packers,Tretter,JC
Minnesota Vikings,Alexander,Mackensie
Minnesota Vikings,Asiata,Matt
Minnesota Vikings,Barr,Anthony
Minnesota Vikings,Beavers,Willie
Minnesota Vikings,Berger,Joe
Minnesota Vikings,Boone,Alex
Minnesota Vikings,Bradford,Sam
Minnesota Vikings,Bridgewater,Teddy
Minnesota Vikings,Brothers,Kentrell
Minnesota Vikings,Clemmings,T.J.
Minnesota Vikings,Cole,Audie
Minnesota Vikings,Crichton,Scott
Minnesota Vikings,Diggs,Stefon
Minnesota Vikings,Easton,Nick
Minnesota Vikings,Ellison,Rhett
Minnesota Vikings,Exum,Antone
Minnesota Vikings,Floyd,Sharrif
Minnesota Vikings,Fusco,Brandon
Minnesota Vikings,Greenway,Chad
Minnesota Vikings,Griffen,Everson
Minnesota Vikings,Harris,Anthony
Minnesota Vikings,Hill,Shaun
Minnesota Vikings,Hillman,Ronnie
Minnesota Vikings,Hunter,Danielle
Minnesota Vikings,Johnson,Charles
Minnesota Vikings,Johnson,Tom
Minnesota Vikings,Joseph,Linval
Minnesota Vikings,Kalil,Matt
Minnesota Vikings,Kearse,Jayron
Minnesota Vikings,Kendricks,Eric
Minnesota Vikings,Kerin,Zac
Minnesota Vikings,Lamur,Emmanuel
Minnesota Vikings,Line,Zach
Minnesota Vikings,Locke,Jeff
Minnesota Vikings,McDermott,Kevin
Minnesota Vikings,McKinnon,Jerick
Minnesota Vikings,Morgan,David
Minnesota Vikings,Munnerlyn,Captain
Minnesota Vikings,Newman,Terence
Minnesota Vikings,Patterson,Cordarrelle
Minnesota Vikings,Peterson,Adrian
Minnesota Vikings,Price,Jabari
Minnesota Vikings,Pruitt,MyCole
Minnesota Vikings,Rhodes,Xavier
Minnesota Vikings,Robinson,Edmond
Minnesota Vikings,Robison,Brian
Minnesota Vikings,Rudolph,Kyle
Minnesota Vikings,Sendejo,Andrew
Minnesota Vikings,Sherels,Marcus
Minnesota Vikings,Sirles,Jeremiah
Minnesota Vikings,Smith,Andre
Minnesota Vikings,Smith,Harrison
Minnesota Vikings,Stephen,Shamar
Minnesota Vikings,Thielen,Adam
Minnesota Vikings,Trattou,Justin
Minnesota Vikings,Treadwell,Laquon
Minnesota Vikings,Walsh,Blair
Minnesota Vikings,Waynes,Trae
Minnesota Vikings,Wright,Jarius
Dallas Cowboys,Bailey,Dan
Dallas Cowboys,Baldwin,Darryl
Dallas Cowboys,Beasley,Cole
Dallas Cowboys,Brown,Anthony
Dallas Cowboys,Brown,Chris
Dallas Cowboys,Bryant,Dez
Dallas Cowboys,Butler,Brice
Dallas Cowboys,Carr,Brandon
Dallas Cowboys,Church,Barry
Dallas Cowboys,Claiborne,Morris
Dallas Cowboys,Collins,La'el
Dallas Cowboys,Collins,Maliek
Dallas Cowboys,Crawford,Jack
Dallas Cowboys,Crawford,Tyrone
Dallas Cowboys,Davis,Ryan
Dallas Cowboys,Dunbar,Lance
Dallas Cowboys,Durant,Justin
Dallas Cowboys,Elliott,Ezekiel
Dallas Cowboys,Escobar,Gavin
Dallas Cowboys,Frazier,Kavon
Dallas Cowboys,Frederick,Travis
Dallas Cowboys,Free,Doug
Dallas Cowboys,Gachkar,Andrew
Dallas Cowboys,Green,Chaz
Dallas Cowboys,Gregory,Randy
Dallas Cowboys,Hanna,James
Dallas Cowboys,Heath,Jeff
Dallas Cowboys,Hitchens,Anthony
Dallas Cowboys,Irving,David
Dallas Cowboys,Jackson,Darius
Dallas Cowboys,Jones,Byron
Dallas Cowboys,Jones,Chris
Dallas Cowboys,LaDouceur,L.P.
Dallas Cowboys,Lawrence,Demarcus
Dallas Cowboys,Leary,Ronald
Dallas Cowboys,Lee,Sean
Dallas Cowboys,Looney,Joe
Dallas Cowboys,Martin,Zack
Dallas Cowboys,Mayowa,Benson
Dallas Cowboys,McClain,Rolando
Dallas Cowboys,McClain,Terrell
Dallas Cowboys,Moore,Kellen
Dallas Cowboys,Morris,Alfred
Dallas Cowboys,Morris,James
Dallas Cowboys,Nzeocha,Mark
Dallas Cowboys,Prescott,Dak
Dallas Cowboys,Romo,Tony
Dallas Cowboys,Sanchez,Mark
Dallas Cowboys,Scandrick,Orlando
Dallas Cowboys,Smith,Keith
Dallas Cowboys,Smith,Rod
Dallas Cowboys,Smith,Tyron
Dallas Cowboys,Swaim,Geoff
Dallas Cowboys,Tapper,Charles
Dallas Cowboys,Thomas,Josh
Dallas Cowboys,Thornton,Cedric
Dallas Cowboys,Whitehead,Lucky
Dallas Cowboys,Wilber,Kyle
Dallas Cowboys,Wilcox,J.J.
Dallas Cowboys,Williams,Terrance
Dallas Cowboys,Wilson,Damien
Dallas Cowboys,Witten,Jason
New York Giants,Adams,Andrew
New York Giants,Adams,Jerell
New York Giants,Apple,Eli
New York Giants,Beatty,Will
New York Giants,Beckham,Odell
New York Giants,Berhe,Nat
New York Giants,Bromley,Jay
New York Giants,Brown,Josh
New York Giants,Casillas,Jonathan
New York Giants,Collins,Landon
New York Giants,Cruz,Victor
New York Giants,Darkwa,Orleans
New York Giants,DeOssie,Zak
New York Giants,Donnell,Larry
New York Giants,Edwards,Ben
New York Giants,Flowers,Ereck
New York Giants,Goodson,B.J.
New York Giants,Hall,Leon
New York Giants,Hankins,Johnathan
New York Giants,Harris,Dwayne
New York Giants,Harrison,Damon
New York Giants,Hart,Bobby
New York Giants,Herzlich,Mark
New York Giants,Hughes,Montori
New York Giants,Hunter,Michael
New York Giants,Jenkins,Janoris
New York Giants,Jennings,Rashad
New York Giants,Jerry,John
New York Giants,Johnson,Josh
New York Giants,Johnson,Will
New York Giants,Jones,Brett
New York Giants,Kennard,Devon
New York Giants,King,Tavarres
New York Giants,LaCosse,Matt
New York Giants,Lewis,Roger
New York Giants,Manning,Eli
New York Giants,Nassib,Ryan
New York Giants,Newhouse,Marshall
New York Giants,Odighizuwa,Owa
New York Giants,Okwara,Romeo
New York Giants,Perkins,Paul
New York Giants,Pierre-Paul,Jason
New York Giants,Pugh,Justin
New York Giants,Rainey,Bobby
New York Giants,Richburg,Weston
New York Giants,Robinson,Keenan
New York Giants,Rodgers-Cromartie,Dominique
New York Giants,Shepard,Sterling
New York Giants,Sheppard,Kelvin
New York Giants,Thomas,J.T.
New York Giants,Thomas,Robert
New York Giants,Thompson,Darian
New York Giants,Thompson,Mykkele
New York Giants,Tye,Will
New York Giants,Unga,Uani'
New York Giants,Vereen,Shane
New York Giants,Vernon,Olivier
New York Giants,Wade,Trevin
New York Giants,Whitlock,Nikita
New York Giants,Wing,Brad
New York Giants,Wynn,Kerry
Philadelphia Eagles,Agholor,Nelson
Philadelphia Eagles,Allen,Beau
Philadelphia Eagles,Andrews,Josh
Philadelphia Eagles,Barbre,Allen
Philadelphia Eagles,Barner,Kenjon
Philadelphia Eagles,Barwin,Connor
Philadelphia Eagles,Bradham,Nigel
Philadelphia Eagles,Braman,Bryan
Philadelphia Eagles,Brooks,Brandon
Philadelphia Eagles,Brooks,Ron
Philadelphia Eagles,Brooks,Terrence
Philadelphia Eagles,Burton,Trey
Philadelphia Eagles,Carroll,Nolan
Philadelphia Eagles,Celek,Brent
Philadelphia Eagles,Cox,Fletcher
Philadelphia Eagles,Curry,Vinny
Philadelphia Eagles,Daniel,Chase
Philadelphia Eagles,Dorenbos,Jon
Philadelphia Eagles,Ertz,Zach
Philadelphia Eagles,Goode,Najee
Philadelphia Eagles,Gordon,Dillon
Philadelphia Eagles,Graham,Brandon
Philadelphia Eagles,Green-Beckham,Dorial
Philadelphia Eagles,Grugier-Hill,Kamu
Philadelphia Eagles,Hicks,Jordan
Philadelphia Eagles,Huff,Josh
Philadelphia Eagles,Jenkins,Malcolm
Philadelphia Eagles,Johnson,Lane
Philadelphia Eagles,Jones,Donnie
Philadelphia Eagles,Kelce,Jason
Philadelphia Eagles,Kendricks,Mychal
Philadelphia Eagles,Logan,Bennie
Philadelphia Eagles,Maragos,Chris
Philadelphia Eagles,Mathews,Ryan
Philadelphia Eagles,Matthews,Jordan
Philadelphia Eagles,McCalister,Alex
Philadelphia Eagles,McKelvin,Leodis
Philadelphia Eagles,McLeod,Rodney
Philadelphia Eagles,Means,Steven
Philadelphia Eagles,Mills,Jalen
Philadelphia Eagles,Peters,Jason
Philadelphia Eagles,Seumalo,Isaac
Philadelphia Eagles,Smallwood,Wendell
Philadelphia Eagles,Smith,Marcus
Philadelphia Eagles,Sproles,Darren
Philadelphia Eagles,Sturgis,Caleb
Philadelphia Eagles,Tobin,Matt
Philadelphia Eagles,Treggs,Bryce
Philadelphia Eagles,Tulloch,Stephen
Philadelphia Eagles,Vaeao,Destiny
Philadelphia Eagles,Vaitai,Halapoulivaati
Philadelphia Eagles,Walker,Joe
Philadelphia Eagles,Watkins,Jaylen
Philadelphia Eagles,Wentz,Carson
Philadelphia Eagles,Wisniewski,Stefen
Philadelphia Eagles,Wujciak,Connor
Washington Redskins,Baker,Chris
Washington Redskins,Bates,Houston
Washington Redskins,Blackmon,Will
Washington Redskins,Bowen,Kevin
Washington Redskins,Breeland,Bashaud
Washington Redskins,Bruton,David
Washington Redskins,Carrier,Derek
Washington Redskins,Compton,Will
Washington Redskins,Cousins,Kirk
Washington Redskins,Cravens,Su'a
Washington Redskins,Crowder,Jamison
Washington Redskins,Daniels,Steven
Washington Redskins,Davis,Vernon
Washington Redskins,Diggs,Reggie
Washington Redskins,Doctson,Josh
Washington Redskins,Dunbar,Quinton
Washington Redskins,Everett,Deshazor
Washington Redskins,Foster,Mason
Washington Redskins,Fuller,Kendall
Washington Redskins,Garcon,Pierre
Washington Redskins,Garvin,Terence
Washington Redskins,Golston,Kedric
Washington Redskins,Grant,Ryan
Washington Redskins,Hall,DeAngelo
Washington Redskins,Hood,Ziggy
Washington Redskins,Hopkins,Dustin
Washington Redskins,Ihenacho,Duke
Washington Redskins,Ioannidis,Matthew
Washington Redskins,Jackson,DeSean
Washington Redskins,Jackson,Tanard
Washington Redskins,Jean Francois,Ricky
Washington Redskins,Jenkins,Cullen
Washington Redskins,Jones,Matt
Washington Redskins,Kelley,Rob
Washington Redskins,Kerrigan,Ryan
Washington Redskins,Kouandjio,Arie
Washington Redskins,Lanier,Anthony
Washington Redskins,Lauvao,Shawn
Washington Redskins,Lichtensteiger,Kory
Washington Redskins,Long,Spencer
Washington Redskins,Marshall,Keith
Washington Redskins,McCoy,Colt
Washington Redskins,Moses,Morgan
Washington Redskins,Murphy,Trent
Washington Redskins,Norman,Josh
Washington Redskins,Nsekhe,Ty
Washington Redskins,Painter,Vinston
Washington Redskins,Paul,Niles
Washington Redskins,Phillips,Dashaun
Washington Redskins,Redd,Silas
Washington Redskins,Reed,Jordan
Washington Redskins,Reyes,Kendall
Washington Redskins,Ross,Rashad
Washington Redskins,Scherff,Brandon
Washington Redskins,Smith,Preston
Washington Redskins,Spaight,Martrell
Washington Redskins,Sudfeld,Nate
Washington Redskins,Sullivan,John
Washington Redskins,Sundberg,Nick
Washington Redskins,Thompson,Chris
Washington Redskins,Toler,Greg
Washington Redskins,Way,Tress
Washington Redskins,Williams,Trent
Houston Texans,Aboushi,Oday
Houston Texans,Allen,Jeff
Houston Texans,Anderson,Stephen
Houston Texans,Ballentine,Lonnie
Houston Texans,Bergstrom,Tony
Houston Texans,Blue,Alfred
Houston Texans,Bouye,A.J.
Houston Texans,Brown,Duane
Houston Texans,Bullough,Max
Houston Texans,Clark,Chris
Houston Texans,Clowney,Jadeveon
Houston Texans,Covington,Christian
Houston Texans,Cushing,Brian
Houston Texans,Demps,Quintin
Houston Texans,Dent,Akeem
Houston Texans,Dillon,K.J.
Houston Texans,Drummond,Kurtis
Houston Texans,Ervin,Tyler
Houston Texans,Fairbairn,Ka'imi
Houston Texans,Fiedorowicz,C.J.
Houston Texans,Fuller,Will
Houston Texans,Griffin,Ryan
Houston Texans,Grimes,Jonathan
Houston Texans,Hal,Andre
Houston Texans,Heath,Joel
Houston Texans,Hopkins,DeAndre
Houston Texans,Jackson,Kareem
Houston Texans,James,Charles
Houston Texans,Johnson,Kevin
Houston Texans,Joseph,Johnathan
Houston Texans,Lamm,Kendall
Houston Texans,Lechler,Shane
Houston Texans,Mancz,Greg
Houston Texans,Martin,Nick
Houston Texans,McKinney,Benardrick
Houston Texans,Mercilus,Whitney
Houston Texans,Miller,Braxton
Houston Texans,Miller,Lamar
Houston Texans,Moore,Corey
Houston Texans,Mumphery,Keith
Houston Texans,Newton,Derek
Houston Texans,Novak,Nick
Houston Texans,Osweiler,Brock
Houston Texans,Peters,Brian
Houston Texans,Pleasant,Eddie
Houston Texans,Prosch,Jay
Houston Texans,Reader,D.J.
Houston Texans,Rivers,Gerald
Houston Texans,Savage,Tom
Houston Texans,Scarlett,Brennan
Houston Texans,Simon,John
Houston Texans,Still,Devon
Houston Texans,Strong,Jaelen
Houston Texans,Su'a-Filo,Xavier
Houston Texans,Washington,Tony
Houston Texans,Watt,J.J.
Houston Texans,Weeden,Brandon
Houston Texans,Weeks,Jon
Houston Texans,Wilfork,Vince
Indianapolis Colts,Adams,Mike
Indianapolis Colts,Allen,Dwayne
Indianapolis Colts,Anderson,Henry
Indianapolis Colts,Ayers,Akeem
Indianapolis Colts,Blythe,Austin
Indianapolis Colts,Bray,Quan
Indianapolis Colts,Butler,Darius
Indianapolis Colts,Cage,Isiah
Indianapolis Colts,Castonzo,Anthony
Indianapolis Colts,Clark,Le'Raven
Indianapolis Colts,Cole,Trent
Indianapolis Colts,Cromartie,Antonio
Indianapolis Colts,Davis,Vontae
Indianapolis Colts,Dorsett,Phillip
Indianapolis Colts,Doyle,Jack
Indianapolis Colts,Farley,Matthias
Indianapolis Colts,Ferguson,Josh
Indianapolis Colts,Geathers,Clayton
Indianapolis Colts,Good,Denzelle
Indianapolis Colts,Gore,Frank
Indianapolis Colts,Green,T.J.
Indianapolis Colts,Haeg,Joe
Indianapolis Colts,Harrison,Jonotthan
Indianapolis Colts,Hilton,T.Y.
Indianapolis Colts,Jackson,D'Qwell
Indianapolis Colts,Jackson,Edwin
Indianapolis Colts,Jones,Arthur
Indianapolis Colts,Kelly,Ryan
Indianapolis Colts,Kerr,Zach
Indianapolis Colts,Langford,Kendall
Indianapolis Colts,Luck,Andrew
Indianapolis Colts,Maggitt,Curt
Indianapolis Colts,Mathis,Robert
Indianapolis Colts,McAfee,Pat
Indianapolis Colts,McFarland,Mike
Indianapolis Colts,McGill,T.Y.
Indianapolis Colts,McNary,Josh
Indianapolis Colts,Melvin,Rashaan
Indianapolis Colts,Mewhort,Jack
Indianapolis Colts,Moncrief,Donte
Indianapolis Colts,Moore,Sio
Indianapolis Colts,Morris,Darryl
Indianapolis Colts,Morrison,Antonio
Indianapolis Colts,Overton,Matt
Indianapolis Colts,Parry,David
Indianapolis Colts,Reitz,Joe
Indianapolis Colts,Ridgeway,Hassan
Indianapolis Colts,Robinson,Patrick
Indianapolis Colts,Rogers,Chester
Indianapolis Colts,Street,Devin
Indianapolis Colts,Swoope,Erik
Indianapolis Colts,Thornton,Hugh
Indianapolis Colts,Todman,Jordan
Indianapolis Colts,Tolzien,Scott
Indianapolis Colts,Turbin,Robert
Indianapolis Colts,Vinatieri,Adam
Indianapolis Colts,Walden,Erik
Indianapolis Colts,Williamson,Andrew
Jacksonville Jaguars,Allen,Brandon
Jacksonville Jaguars,Alualu,Tyson
Jacksonville Jaguars,Amukamara,Prince
Jacksonville Jaguars,Beachum,Kelvin
Jacksonville Jaguars,Benn,Arrelious
Jacksonville Jaguars,Bennett,Michael
Jacksonville Jaguars,Blackmon,Justin
Jacksonville Jaguars,Bortles,Blake
Jacksonville Jaguars,Bowanko,Luke
Jacksonville Jaguars,Brown,Arthur
Jacksonville Jaguars,Cann,A.J.
Jacksonville Jaguars,Colvin,Aaron
Jacksonville Jaguars,Cyprien,Johnathan
Jacksonville Jaguars,Day,Sheldon
Jacksonville Jaguars,Fowler,Dante
Jacksonville Jaguars,Gipson,Tashaun
Jacksonville Jaguars,Grant,Corey
Jacksonville Jaguars,Gratz,Dwayne
Jacksonville Jaguars,Greene,Rashad
Jacksonville Jaguars,Henne,Chad
Jacksonville Jaguars,House,Davon
Jacksonville Jaguars,Hurns,Allen
Jacksonville Jaguars,Ivory,Chris
Jacksonville Jaguars,Jack,Myles
Jacksonville Jaguars,Jackson,Malik
Jacksonville Jaguars,Joeckel,Luke
Jacksonville Jaguars,Johnson,Josh
Jacksonville Jaguars,Jones,Abry
Jacksonville Jaguars,Koyack,Ben
Jacksonville Jaguars,Lee,Marqise
Jacksonville Jaguars,Lewis,Marcedes
Jacksonville Jaguars,Linder,Brandon
Jacksonville Jaguars,Linkenbach,Jeffrey
Jacksonville Jaguars,Marks,Sen'Derrick
Jacksonville Jaguars,Miller,Roy
Jacksonville Jaguars,Myers,Jason
Jacksonville Jaguars,Ngakoue,Yannick
Jacksonville Jaguars,Nortman,Brad
Jacksonville Jaguars,Odrick,Jared
Jacksonville Jaguars,Omameh,Patrick
Jacksonville Jaguars,Parnell,Jermey
Jacksonville Jaguars,Posluszny,Paul
Jacksonville Jaguars,Pullard,Hayes
Jacksonville Jaguars,Ramsey,Jalen
Jacksonville Jaguars,Reed,Christopher
Jacksonville Jaguars,Robinson,Allen
Jacksonville Jaguars,Robinson,Denard
Jacksonville Jaguars,Sample,James
Jacksonville Jaguars,Shatley,Tyler
Jacksonville Jaguars,Skuta,Dan
Jacksonville Jaguars,Smith,Chris
Jacksonville Jaguars,Smith,Telvin
Jacksonville Jaguars,Sterling,Neal
Jacksonville Jaguars,Thomas,Julius
Jacksonville Jaguars,Thompson,Peyton
Jacksonville Jaguars,Tinker,Carson
Jacksonville Jaguars,Walters,Bryan
Jacksonville Jaguars,Wells,Josh
Jacksonville Jaguars,Wilson,Jarrod
Jacksonville Jaguars,Woodard,Jonathan
Jacksonville Jaguars,Yeldon,T.J.
Tennessee Titans,Amaro,Jace
Tennessee Titans,Andrews,Antonio
Tennessee Titans,Bass,David
Tennessee Titans,Bell,Byron
Tennessee Titans,Blackson,Angelo
Tennessee Titans,Blake,Valentino
Tennessee Titans,Brinkley,Beau
Tennessee Titans,Byard,Kevin
Tennessee Titans,Casey,Jurrell
Tennessee Titans,Cassel,Matt
Tennessee Titans,Conklin,Jack
Tennessee Titans,Cox,Perrish
Tennessee Titans,Dodd,Kevin
Tennessee Titans,Douglas,Harry
Tennessee Titans,Fasano,Anthony
Tennessee Titans,Fowler,Jalston
Tennessee Titans,Gallik,Andy
Tennessee Titans,Henry,Derrick
Tennessee Titans,Johnson,Andre
Tennessee Titans,Johnson,Austin
Tennessee Titans,Johnson,Rashad
Tennessee Titans,Jones,Ben
Tennessee Titans,Jones,DaQuan
Tennessee Titans,Kelly,Dennis
Tennessee Titans,Kern,Brett
Tennessee Titans,Kline,Josh
Tennessee Titans,Klug,Karl
Tennessee Titans,Lewan,Taylor
Tennessee Titans,Mariani,Marc
Tennessee Titans,Mariota,Marcus
Tennessee Titans,Matias,Josue
Tennessee Titans,Matthews,Rishard
Tennessee Titans,McCain,Brice
Tennessee Titans,McCourty,Jason
Tennessee Titans,Morgan,Derrick
Tennessee Titans,Murray,DeMarco
Tennessee Titans,Okotcha,Bennett
Tennessee Titans,Orakpo,Brian
Tennessee Titans,Palmer,Nate
Tennessee Titans,Riggs,Cody
Tennessee Titans,Riley,Curtis
Tennessee Titans,Schwenke,Brian
Tennessee Titans,Searcy,Da'Norris
Tennessee Titans,Sharpe,Tajae
Tennessee Titans,Sims,LeShaun
Tennessee Titans,Spain,Quinton
Tennessee Titans,Spence,Sean
Tennessee Titans,Stafford,Daimion
Tennessee Titans,Succop,Ryan
Tennessee Titans,Supernaw,Phillip
Tennessee Titans,Tretola,Sebastian
Tennessee Titans,Walker,Delanie
Tennessee Titans,Wallace,Aaron
Tennessee Titans,Warmack,Chance
Tennessee Titans,Williamson,Avery
Tennessee Titans,Woods,Al
Tennessee Titans,Woodyard,Wesley
Tennessee Titans,Wright,Kendall
Denver Broncos,Anderson,C.J.
Denver Broncos,Anderson,Zaire
Denver Broncos,Barrett,Shaquil
Denver Broncos,Bibbs,Kapri
Denver Broncos,Booker,Devontae
Denver Broncos,Brenner,Sam
Denver Broncos,Crick,Jared
Denver Broncos,Davis,Austin
Denver Broncos,Davis,Todd
Denver Broncos,Dixon,Riley
Denver Broncos,Doss,Lorenzo
Denver Broncos,Ferentz,James
Denver Broncos,Fowler,Bennie
Denver Broncos,Garcia,Max
Denver Broncos,Gotsis,Adam
Denver Broncos,Green,Virgil
Denver Broncos,Harris,Chris
Denver Broncos,Heuerman,Jeff
Denver Broncos,Janovich,Andy
Denver Broncos,Keo,Shiloh
Denver Broncos,Kilgo,Darius
Denver Broncos,Kreiter,Casey
Denver Broncos,Latimer,Cody
Denver Broncos,Lynch,Paxton
Denver Broncos,Marshall,Brandon
Denver Broncos,McGovern,Connor
Denver Broncos,McManus,Brandon
Denver Broncos,Miller,Von
Denver Broncos,Nelson,Corey
Denver Broncos,Norwood,Jordan
Denver Broncos,Okung,Russell
Denver Broncos,Paradis,Matt
Denver Broncos,Parks,Will
Denver Broncos,Phillips,John
Denver Broncos,Ray,Shane
Denver Broncos,Roby,Bradley
Denver Broncos,Sambrailo,Ty
Denver Broncos,Sanders,Emmanuel
Denver Broncos,Schofield,Michael
Denver Broncos,Siemian,Trevor
Denver Broncos,Simmons,Justin
Denver Broncos,Stephenson,Donald
Denver Broncos,Stewart,Darian
Denver Broncos,Talib,Aqib
Denver Broncos,Taylor,Jordan
Denver Broncos,Thomas,Demaryius
Denver Broncos,Walker,Vance
Denver Broncos,Ward,T.J.
Denver Broncos,Ware,DeMarcus
Denver Broncos,Watson,Dekoda
Denver Broncos,Webster,Kayvon
Denver Broncos,Weems,Darrion
Denver Broncos,Williams,Sylvester
Denver Broncos,Winn,Billy
Denver Broncos,Wolfe,Derek
Kansas City Chiefs,Acker,Kenneth
Kansas City Chiefs,Alexander,D.J.
Kansas City Chiefs,Bailey,Allen
Kansas City Chiefs,Barrington,Sam
Kansas City Chiefs,Berry,Eric
Kansas City Chiefs,Bray,Tyler
Kansas City Chiefs,Charles,Jamaal
Kansas City Chiefs,Colquitt,Dustin
Kansas City Chiefs,Conley,Chris
Kansas City Chiefs,Cook,Kenny
Kansas City Chiefs,Davis,Knile
Kansas City Chiefs,Devey,Jordan
Kansas City Chiefs,Duvernay-Tardif,Laurent
Kansas City Chiefs,Ehinger,Parker
Kansas City Chiefs,Fisher,Eric
Kansas City Chiefs,Foles,Nick
Kansas City Chiefs,Ford,Dee
Kansas City Chiefs,Fulton,Zach
Kansas City Chiefs,Gaines,Phillip
Kansas City Chiefs,Hali,Tamba
Kansas City Chiefs,Harris,Demetrius
Kansas City Chiefs,Harris,Vernon
Kansas City Chiefs,Hill,Tyreek
Kansas City Chiefs,Houston,Justin
Kansas City Chiefs,Howard,Jaye
Kansas City Chiefs,Johnson,Derrick
Kansas City Chiefs,Jones,Chris
Kansas City Chiefs,Kelce,Travis
Kansas City Chiefs,Maclin,Jeremy
Kansas City Chiefs,March-Lillard,Justin
Kansas City Chiefs,Mauga,Josh
Kansas City Chiefs,Millard,Trey
Kansas City Chiefs,Morse,Mitch
Kansas City Chiefs,Moses,Dezman
Kansas City Chiefs,Murray,Eric
Kansas City Chiefs,Nelson,Steven
Kansas City Chiefs,Nicolas,Dadi
Kansas City Chiefs,O'Shaughnessy,James
Kansas City Chiefs,Parker,Ron
Kansas City Chiefs,Peters,Marcus
Kansas City Chiefs,Poe,Dontari
Kansas City Chiefs,Reid,Jah
Kansas City Chiefs,Robinson,Demarcus
Kansas City Chiefs,Santos,Cairo
Kansas City Chiefs,Schwartz,Mitchell
Kansas City Chiefs,Sherman,Anthony
Kansas City Chiefs,Smith,Alex
Kansas City Chiefs,Sorensen,Daniel
Kansas City Chiefs,Thomas,De'Anthony
Kansas City Chiefs,Travis,Ross
Kansas City Chiefs,Ware,Spencer
Kansas City Chiefs,West,Charcandrick
Kansas City Chiefs,White,D.J.
Kansas City Chiefs,Williams,Nick
Kansas City Chiefs,Wilson,Albert
Kansas City Chiefs,Winchester,James
Kansas City Chiefs,Witzmann,Bryan
Kansas City Chiefs,Zombo,Frank
Oakland Raiders,Alexander,Vadal
Oakland Raiders,Allen,Nate
Oakland Raiders,Amerson,David
Oakland Raiders,Autry,Denico
Oakland Raiders,Ball,Neiron
Oakland Raiders,Bates,Daren
Oakland Raiders,Calhoun,Shilique
Oakland Raiders,Carr,Derek
Oakland Raiders,Carrie,T.J.
Oakland Raiders,Condo,Jon
Oakland Raiders,Cook,Connor
Oakland Raiders,Cooper,Amari
Oakland Raiders,Crabtree,Michael
Oakland Raiders,Edwards,Mario
Oakland Raiders,Edwards,SaQwan
Oakland Raiders,Ellis,Justin
Oakland Raiders,Feliciano,Jon
Oakland Raiders,Hamilton,Antonio
Oakland Raiders,Hayden,D.J.
Oakland Raiders,Heeney,Ben
Oakland Raiders,Holmes,Andre
Oakland Raiders,Holmes,Gabe
Oakland Raiders,Holton,Johnny
Oakland Raiders,Howard,Austin
Oakland Raiders,Hudson,Rodney
Oakland Raiders,Irvin,Bruce
Oakland Raiders,Jackson,Gabe
Oakland Raiders,James,Cory
Oakland Raiders,Janikowski,Sebastian
Oakland Raiders,Jones,Taiwan
Oakland Raiders,Joseph,Karl
Oakland Raiders,King,Marquette
Oakland Raiders,Latham,Darius
Oakland Raiders,Mack,Khalil
Oakland Raiders,McCants,Matt
Oakland Raiders,McDonald,Dexter
Oakland Raiders,McGee,Stacy
Oakland Raiders,McGill,Keith
Oakland Raiders,McGloin,Matt
Oakland Raiders,Murray,Latavius
Oakland Raiders,Nelson,Reggie
Oakland Raiders,Olawale,Jamize
Oakland Raiders,Osemele,Kelechi
Oakland Raiders,Penn,Donald
Oakland Raiders,Richard,Jalen
Oakland Raiders,Rivera,Mychal
Oakland Raiders,Roberts,Seth
Oakland Raiders,Smith,Aldon
Oakland Raiders,Smith,Lee
Oakland Raiders,Smith,Malcolm
Oakland Raiders,Smith,Sean
Oakland Raiders,Trawick,Brynden
Oakland Raiders,Walford,Clive
Oakland Raiders,Ward,Jihad
Oakland Raiders,Washington,DeAndre
Oakland Raiders,Watson,Menelik
Oakland Raiders,Williams,Dan
San Diego Chargers,Addae,Jahleel
San Diego Chargers,Allen,Keenan
San Diego Chargers,Attaochu,Jeremiah
San Diego Chargers,Barksdale,Joe
San Diego Chargers,Benjamin,Travis
San Diego Chargers,Bosa,Joey
San Diego Chargers,Brown,Jatavis
San Diego Chargers,Burwell,Tyreek
San Diego Chargers,Carlis,Zamir
San Diego Chargers,Carrethers,Ryan
San Diego Chargers,Clark,Donavon
San Diego Chargers,Clemens,Kellen
San Diego Chargers,Cleveland,Asante
San Diego Chargers,Cumberland,Jeff
San Diego Chargers,Desir,Pierre
San Diego Chargers,Dunlap,King
San Diego Chargers,Dzubnar,Nick
San Diego Chargers,Emanuel,Kyle
San Diego Chargers,Farrow,Kenneth
San Diego Chargers,Flowers,Brandon
San Diego Chargers,Fluker,D.J.
San Diego Chargers,Franklin,Orlando
San Diego Chargers,Gates,Antonio
San Diego Chargers,Gordon,Melvin
San Diego Chargers,Hairston,Chris
San Diego Chargers,Hayward,Casey
San Diego Chargers,Hekking,Brock
San Diego Chargers,Henry,Hunter
San Diego Chargers,Herndon,Javontee
San Diego Chargers,Ingram,Melvin
San Diego Chargers,Inman,Dontrelle
San Diego Chargers,Johnson,Steve
San Diego Chargers,Johnstone,Tyler
San Diego Chargers,Kaser,Drew
San Diego Chargers,Lambo,Josh
San Diego Chargers,Lissemore,Sean
San Diego Chargers,Liuget,Corey
San Diego Chargers,Lowery,Dwight
San Diego Chargers,Mager,Craig
San Diego Chargers,Marcordes,Tyler
San Diego Chargers,McCluster,Dexter
San Diego Chargers,McCoil,Dexter
San Diego Chargers,McGrath,Sean
San Diego Chargers,Mebane,Brandon
San Diego Chargers,Oliver,Branden
San Diego Chargers,Palepoi,Tenny
San Diego Chargers,Perry,Joshua
San Diego Chargers,Perryman,Denzel
San Diego Chargers,Phillips,Adrian
San Diego Chargers,Philon,Darius
San Diego Chargers,Pulley,Spencer
San Diego Chargers,Reid,Caraun
San Diego Chargers,Rivers,Philip
San Diego Chargers,Slauson,Matt
San Diego Chargers,Square,Damion
San Diego Chargers,Stuckey,Darrell
San Diego Chargers,Te'o,Manti
San Diego Chargers,Tuerk,Max
San Diego Chargers,Verrett,Jason
San Diego Chargers,Watt,Chris
San Diego Chargers,Watt,Derek
San Diego Chargers,Whalen,Griff
San Diego Chargers,Wiggins,Kenny
San Diego Chargers,Williams,Tourek
San Diego Chargers,Williams,Tyrell
San Diego Chargers,Windt,Mike
San Diego Chargers,Woodhead,Danny
San Diego Chargers,Wray,Carlos
Atlanta Falcons,Alford,Robert
Atlanta Falcons,Allen,Ricardo
Atlanta Falcons,Babineaux,Jonathan
Atlanta Falcons,Beasley,Vic
Atlanta Falcons,Bosher,Matt
Atlanta Falcons,Bryant,Matt
Atlanta Falcons,Campbell,De'Vondre
Atlanta Falcons,Chester,Chris
Atlanta Falcons,Clayborn,Adrian
Atlanta Falcons,Coleman,Tevin
Atlanta Falcons,Collins,Jalen
Atlanta Falcons,Compton,Tom
Atlanta Falcons,DiMarco,Patrick
Atlanta Falcons,Freeman,Devonta
Atlanta Falcons,Freeney,Dwight
Atlanta Falcons,Fuller,Devin
Atlanta Falcons,Gabriel,Taylor
Atlanta Falcons,Garland,Ben
Atlanta Falcons,Goldson,Dashon
Atlanta Falcons,Goodwin,C.J.
Atlanta Falcons,Hageman,Ra'Shede
Atlanta Falcons,Hardy,Justin
Atlanta Falcons,Harris,Josh
Atlanta Falcons,Hooper,Austin
Atlanta Falcons,Ishmael,Kemal
Atlanta Falcons,Jackson,Tyson
Atlanta Falcons,Jarrett,Grady
Atlanta Falcons,Jones,Deion
Atlanta Falcons,Jones,Julio
Atlanta Falcons,King,Akeem
Atlanta Falcons,Levitre,Andy
Atlanta Falcons,Mack,Alex
Atlanta Falcons,Matthews,Jake
Atlanta Falcons,Mayes,Chris
Atlanta Falcons,Neal,Keanu
Atlanta Falcons,Perkins,Josh
Atlanta Falcons,Person,Mike
Atlanta Falcons,Poole,Brian
Atlanta Falcons,Reed,Brooks
Atlanta Falcons,Reynolds,LaRoy
Atlanta Falcons,Robinson,Aldrick
Atlanta Falcons,Ryan,Matt
Atlanta Falcons,Sanu,Mohamed
Atlanta Falcons,Schaub,Matt
Atlanta Falcons,Schofield,O'Brien
Atlanta Falcons,Schraeder,Ryan
Atlanta Falcons,Schweitzer,Wes
Atlanta Falcons,Shelby,Derrick
Atlanta Falcons,Starr,Tyler
Atlanta Falcons,Tamme,Jacob
Atlanta Falcons,Therezie,Robenson
Atlanta Falcons,Toilolo,Levine
Atlanta Falcons,Trufant,Desmond
Atlanta Falcons,Upshaw,Courtney
Atlanta Falcons,Weatherspoon,Sean
Atlanta Falcons,Weems,Eric
Atlanta Falcons,Wheeler,Philip
Atlanta Falcons,Worrilow,Paul
Carolina Panthers,Addison,Mario
Carolina Panthers,Alecxih,Chas
Carolina Panthers,Anderson,Derek
Carolina Panthers,Artis-Payne,Cameron
Carolina Panthers,Benjamin,Kelvin
Carolina Panthers,Benwikere,Bene'
Carolina Panthers,Bersin,Brenton
Carolina Panthers,Boston,Tre
Carolina Panthers,Bradberry,James
Carolina Panthers,Brown,Corey
Carolina Panthers,Butler,Vernon
Carolina Panthers,Byrd,Damiere
Carolina Panthers,Byrd,LaRon
Carolina Panthers,Cash,Jeremy
Carolina Panthers,Coleman,Kurt
Carolina Panthers,Davis,Thomas
Carolina Panthers,Delaire,Ryan
Carolina Panthers,Dickson,Ed
Carolina Panthers,Ealy,Kony
Carolina Panthers,Edwards,Lavar
Carolina Panthers,Funchess,Devin
Carolina Panthers,Gano,Graham
Carolina Panthers,Ginn,Ted
Carolina Panthers,Gradkowski,Gino
Carolina Panthers,Green-Thompson,Shaq
Carolina Panthers,Hawkins,Donald
Carolina Panthers,Jansen,J.J.
Carolina Panthers,Johnson,Charles
Carolina Panthers,Johnson,Devon
Carolina Panthers,Jones,Colin
Carolina Panthers,Kalil,Ryan
Carolina Panthers,Klein,A.J.
Carolina Panthers,Kuechly,Luke
Carolina Panthers,Larsen,Tyler
Carolina Panthers,Lee,Andy
Carolina Panthers,Lotulelei,Star
Carolina Panthers,Love,Kyle
Carolina Panthers,Marlowe,Dean
Carolina Panthers,Mayo,David
Carolina Panthers,McClain,Robert
Carolina Panthers,Newton,Cam
Carolina Panthers,Norris,Jared
Carolina Panthers,Norwell,Andrew
Carolina Panthers,Norwood,Kevin
Carolina Panthers,Oher,Michael
Carolina Panthers,Olsen,Greg
Carolina Panthers,Remmers,Mike
Carolina Panthers,Rigsbee,Jordan
Carolina Panthers,Scott,Chris
Carolina Panthers,Short,Kawann
Carolina Panthers,Simonson,Scott
Carolina Panthers,Soliai,Paul
Carolina Panthers,Stewart,Jonathan
Carolina Panthers,Tolbert,Mike
Carolina Panthers,Turner,Trai
Carolina Panthers,Webb,Joe
Carolina Panthers,Whittaker,Fozzy
Carolina Panthers,Williams,Daryl
Carolina Panthers,Williams,Teddy
Carolina Panthers,Worley,Daryl
New Orleans Saints,Anthony,Stephone
New Orleans Saints,Armstead,Terron
New Orleans Saints,Bell,Vonn
New Orleans Saints,Breaux,Delvin
New Orleans Saints,Brees,Drew
New Orleans Saints,Byrd,Jairus
New Orleans Saints,Cadet,Travaris
New Orleans Saints,Carter,Tony
New Orleans Saints,Coleman,Brandon
New Orleans Saints,Cooks,Brandin
New Orleans Saints,Crawley,Ken
New Orleans Saints,Davison,Tyeler
New Orleans Saints,Drescher,Justin
New Orleans Saints,Edebali,Kasim
New Orleans Saints,Ellerbe,Dannell
New Orleans Saints,Evans,Jahri
New Orleans Saints,Fairley,Nick
New Orleans Saints,Fleener,Coby
New Orleans Saints,Gwacham,Obum
New Orleans Saints,Harper,Roman
New Orleans Saints,Harris,De'Vante
New Orleans Saints,Harris,Erik
New Orleans Saints,Hightower,Tim
New Orleans Saints,Hill,Josh
New Orleans Saints,Hills,Tony
New Orleans Saints,Hoomanawanui,Michael
New Orleans Saints,Ingram,Mark
New Orleans Saints,Jenkins,John
New Orleans Saints,Jordan,Cameron
New Orleans Saints,Kelemete,Senio
New Orleans Saints,Kikaha,Hau'oli
New Orleans Saints,Kruger,Paul
New Orleans Saints,Kuhn,John
New Orleans Saints,Lasco,Daniel
New Orleans Saints,Laurinaitis,James
New Orleans Saints,Lelito,Tim
New Orleans Saints,Lewis,Tommylee
New Orleans Saints,Lutz,Wil
New Orleans Saints,Manhertz,Chris
New Orleans Saints,Mauti,Michael
New Orleans Saints,McCown,Luke
New Orleans Saints,Moore,Sterling
New Orleans Saints,Morstead,Thomas
New Orleans Saints,Murphy,Marcus
New Orleans Saints,Onyemata,David
New Orleans Saints,Peat,Andrus
New Orleans Saints,Pettway,D.J.
New Orleans Saints,Pruitt,Jimmy
New Orleans Saints,Rankins,Sheldon
New Orleans Saints,Robertson,Craig
New Orleans Saints,Sanford,Jamarca
New Orleans Saints,Snead,Willie
New Orleans Saints,Strief,Zach
New Orleans Saints,Stupar,Nate
New Orleans Saints,Swann,Damian
New Orleans Saints,Tapp,Darryl
New Orleans Saints,Thomas,Michael
New Orleans Saints,Thompson,Tyrus
New Orleans Saints,Turner,Landon
New Orleans Saints,Unger,Max
New Orleans Saints,Vaccaro,Kenny
New Orleans Saints,Webb,B.W.
New Orleans Saints,Williams,P.J.
New Orleans Saints,Wilson,Kyle
Tampa Bay Buccaneers,Adjei-Barimah,Jude
Tampa Bay Buccaneers,Aguayo,Roberto
Tampa Bay Buccaneers,Alexander,Kwon
Tampa Bay Buccaneers,Anger,Bryan
Tampa Bay Buccaneers,Ayers,Robert
Tampa Bay Buccaneers,Banks,Johnthan
Tampa Bay Buccaneers,Barber,Peyton
Tampa Bay Buccaneers,Benenoch,Caleb
Tampa Bay Buccaneers,Bond,Devante
Tampa Bay Buccaneers,Brate,Cameron
Tampa Bay Buccaneers,Cherilus,Gosder
Tampa Bay Buccaneers,Conte,Chris
Tampa Bay Buccaneers,Cross,Alan
Tampa Bay Buccaneers,David,Lavonte
Tampa Bay Buccaneers,DePaola,Andrew
Tampa Bay Buccaneers,Dotson,Demar
Tampa Bay Buccaneers,Evans,Mike
Tampa Bay Buccaneers,Gholston,William
Tampa Bay Buccaneers,Glanton,Adarius
Tampa Bay Buccaneers,Glennon,Mike
Tampa Bay Buccaneers,Griffin,Ryan
Tampa Bay Buccaneers,Grimes,Brent
Tampa Bay Buccaneers,Hargreaves,Vernon
Tampa Bay Buccaneers,Hawley,Joe
Tampa Bay Buccaneers,Humphries,Adam
Tampa Bay Buccaneers,Jackson,Vincent
Tampa Bay Buccaneers,Johnson,George
Tampa Bay Buccaneers,Jones,Howard
Tampa Bay Buccaneers,Keyes,Josh
Tampa Bay Buccaneers,Lambert,Davonte
Tampa Bay Buccaneers,Marpet,Ali
Tampa Bay Buccaneers,Martin,Doug
Tampa Bay Buccaneers,Martino,Freddie
Tampa Bay Buccaneers,McCoy,Gerald
Tampa Bay Buccaneers,McDonald,Clinton
Tampa Bay Buccaneers,McDougald,Bradley
Tampa Bay Buccaneers,Murphy,Louis
Tampa Bay Buccaneers,Myers,Brandon
Tampa Bay Buccaneers,Pamphile,Kevin
Tampa Bay Buccaneers,Robinson,Josh
Tampa Bay Buccaneers,Rodgers,Jacquizz
Tampa Bay Buccaneers,Shepard,Russell
Tampa Bay Buccaneers,Shorts,Cecil
Tampa Bay Buccaneers,Sims,Charles
Tampa Bay Buccaneers,Smith,Daryl
Tampa Bay Buccaneers,Smith,Donovan
Tampa Bay Buccaneers,Smith,Evan
Tampa Bay Buccaneers,Smith,Jacquies
Tampa Bay Buccaneers,Smith,Ryan
Tampa Bay Buccaneers,Spence,Akeem
Tampa Bay Buccaneers,Spence,Noah
Tampa Bay Buccaneers,Stocker,Luke
Tampa Bay Buccaneers,Sweezy,J.R.
Tampa Bay Buccaneers,Tandy,Keith
Tampa Bay Buccaneers,Verner,Alterraun
Tampa Bay Buccaneers,Ward,Channing
Tampa Bay Buccaneers,Wester,Leonard
Tampa Bay Buccaneers,Winston,Jameis
Arizona Cardinals,Bethel,Justin
Arizona Cardinals,Boehm,Evan
Arizona Cardinals,Bouka,Elie
Arizona Cardinals,Branch,Tyvon
Arizona Cardinals,Brown,Jaron
Arizona Cardinals,Brown,John
Arizona Cardinals,Bucannon,Deone
Arizona Cardinals,Butler,Drew
Arizona Cardinals,Campbell,Calais
Arizona Cardinals,Catanzaro,Chandler
Arizona Cardinals,Cooper,Marcus
Arizona Cardinals,Ellington,Andre
Arizona Cardinals,Eskridge,Durell
Arizona Cardinals,Fells,Darren
Arizona Cardinals,Fitzgerald,Larry
Arizona Cardinals,Floyd,Michael
Arizona Cardinals,Fua,Alani
Arizona Cardinals,Golden,Markus
Arizona Cardinals,Gresham,Jermaine
Arizona Cardinals,Gunter,Rodney
Arizona Cardinals,Humphries,D.J.
Arizona Cardinals,Iupati,Mike
Arizona Cardinals,Jefferson,Tony
Arizona Cardinals,Jenkins,Mike
Arizona Cardinals,Johnson,Chris
Arizona Cardinals,Johnson,David
Arizona Cardinals,Jones,Chandler
Arizona Cardinals,Martin,Gabe
Arizona Cardinals,Martin,Kareem
Arizona Cardinals,Mathieu,Tyrann
Arizona Cardinals,Mathis,Evan
Arizona Cardinals,Mauro,Josh
Arizona Cardinals,Minter,Kevin
Arizona Cardinals,Momah,Ifeanyi
Arizona Cardinals,Nelson,J.J.
Arizona Cardinals,Niklas,Troy
Arizona Cardinals,Nkemdiche,Robert
Arizona Cardinals,Okafor,Alex
Arizona Cardinals,Palmer,Carson
Arizona Cardinals,Peters,Corey
Arizona Cardinals,Peterson,Patrick
Arizona Cardinals,Pierre,Olsen
Arizona Cardinals,Rucker,Frostee
Arizona Cardinals,Shipley,A.Q.
Arizona Cardinals,Simon,Tharold
Arizona Cardinals,Stanton,Drew
Arizona Cardinals,Stinson,Ed
Arizona Cardinals,Swearinger,D.J.
Arizona Cardinals,Taylor,Stepfan
Arizona Cardinals,Toner,Cole
Arizona Cardinals,Veldheer,Jared
Arizona Cardinals,Watford,Earl
Arizona Cardinals,Wetzel,John
Arizona Cardinals,Williams,Brandon
Arizona Cardinals,Williams,Xavier
Los Angeles Rams,Alexander,Maurice
Los Angeles Rams,Austin,Tavon
Los Angeles Rams,Barnes,Tim
Los Angeles Rams,Barron,Mark
Los Angeles Rams,Britt,Kenny
Los Angeles Rams,Brockers,Michael
Los Angeles Rams,Brown,Jamon
Los Angeles Rams,Brown,Malcolm
Los Angeles Rams,Cooper,Pharoh
Los Angeles Rams,Cunningham,Benny
Los Angeles Rams,Davis,Cody
Los Angeles Rams,Donald,Aaron
Los Angeles Rams,Donnal,Andrew
Los Angeles Rams,Easley,Dominique
Los Angeles Rams,Forrest,Josh
Los Angeles Rams,Gaines,E.J.
Los Angeles Rams,Goff,Jared
Los Angeles Rams,Gurley,Todd
Los Angeles Rams,Hager,Bryce
Los Angeles Rams,Harkey,Cory
Los Angeles Rams,Havenstein,Rob
Los Angeles Rams,Hayes,William
Los Angeles Rams,Hekker,Johnny
Los Angeles Rams,Hemingway,Temarrick
Los Angeles Rams,Higbee,Tyler
Los Angeles Rams,Hill,Troy
Los Angeles Rams,Johnson,Isaiah
Los Angeles Rams,Johnson,Trumaine
Los Angeles Rams,Joyner,Lamarcus
Los Angeles Rams,Keenum,Case
Los Angeles Rams,Kendricks,Lance
Los Angeles Rams,Laskey,Zach
Los Angeles Rams,Littleton,Cory
Los Angeles Rams,Longacre,Matt
Los Angeles Rams,Mannion,Sean
Los Angeles Rams,Marquez,Bradley
Los Angeles Rams,McDonald,T.J.
Los Angeles Rams,McQuaide,Jake
Los Angeles Rams,Murphy,Pace
Los Angeles Rams,North,Marquez
Los Angeles Rams,Ogletree,Alec
Los Angeles Rams,Quick,Brian
Los Angeles Rams,Quinn,Robert
Los Angeles Rams,Randolph,Brian
Los Angeles Rams,Reynolds,Chase
Los Angeles Rams,Rhaney,Demetrius
Los Angeles Rams,Robinson,Greg
Los Angeles Rams,Saffold,Rodger
Los Angeles Rams,Sensabaugh,Coty
Los Angeles Rams,Sims,Eugene
Los Angeles Rams,Spruce,Nelson
Los Angeles Rams,Thomas,Cam
Los Angeles Rams,Thomas,Mike
Los Angeles Rams,Trinca-Pasat,Louis
Los Angeles Rams,Westbrooks,Ethan
Los Angeles Rams,Wichmann,Cody
Los Angeles Rams,Williams,Darrell
Los Angeles Rams,Zuerlein,Greg
San Francisco 49ers,Armstead,Arik
San Francisco 49ers,Armstrong,Ray-Ray
San Francisco 49ers,Beadles,Zane
San Francisco 49ers,Bell,Blake
San Francisco 49ers,Bellore,Nick
San Francisco 49ers,Bethea,Antoine
San Francisco 49ers,Blair,Ronald
San Francisco 49ers,Bowman,NaVorro
San Francisco 49ers,Brock,Tramaine
San Francisco 49ers,Brooks,Ahmad
San Francisco 49ers,Brown,Trent
San Francisco 49ers,Buckner,DeForest
San Francisco 49ers,Burbridge,Aaron
San Francisco 49ers,Carradine,Tank
San Francisco 49ers,Celek,Garrett
San Francisco 49ers,Cromartie,Marcus
San Francisco 49ers,Davis,Anthony
San Francisco 49ers,Davis,Chris
San Francisco 49ers,Davis,Mike
San Francisco 49ers,Dawson,Phil
San Francisco 49ers,Dial,Quinton
San Francisco 49ers,Dorsey,Glenn
San Francisco 49ers,Draughn,Shaun
San Francisco 49ers,Ellington,Bruce
San Francisco 49ers,Gabbert,Blaine
San Francisco 49ers,Garnett,Joshua
San Francisco 49ers,Harold,Eli
San Francisco 49ers,Harris,DuJuan
San Francisco 49ers,Hart,Taylor
San Francisco 49ers,Hodges,Gerald
San Francisco 49ers,Hyde,Carlos
San Francisco 49ers,Jerod-Eddie,Tony
San Francisco 49ers,Johnson,Dontae
San Francisco 49ers,Kaepernick,Colin
San Francisco 49ers,Kerley,Jeremy
San Francisco 49ers,Kilgore,Daniel
San Francisco 49ers,Lewis,Thad
San Francisco 49ers,Lynch,Aaron
San Francisco 49ers,Martin,Keshawn
San Francisco 49ers,Martin,Marcus
San Francisco 49ers,McDonald,Vance
San Francisco 49ers,Nelson,Kyle
San Francisco 49ers,Patton,Quinton
San Francisco 49ers,Pinion,Bradley
San Francisco 49ers,Ponder,Christian
San Francisco 49ers,Purcell,Mike
San Francisco 49ers,Reaser,Keith
San Francisco 49ers,Redmond,Will
San Francisco 49ers,Reid,Eric
San Francisco 49ers,Robinson,Rashard
San Francisco 49ers,Rogers,Eric
San Francisco 49ers,Skov,Shayne
San Francisco 49ers,Smith,Torrey
San Francisco 49ers,Staley,Joe
San Francisco 49ers,Streater,Rod
San Francisco 49ers,Tartt,Jaquiski
San Francisco 49ers,Theus,John
San Francisco 49ers,Tiller,Andrew
San Francisco 49ers,Ward,Jimmie
San Francisco 49ers,Wilhoite,Michael
Seattle Seahawks,Avril,Cliff
Seattle Seahawks,Baldwin,Doug
Seattle Seahawks,Barnes,Tavaris
Seattle Seahawks,Bennett,Michael
Seattle Seahawks,Boykin,Trevone
Seattle Seahawks,Britt,Justin
Seattle Seahawks,Chancellor,Kam
Seattle Seahawks,Clark,Frank
Seattle Seahawks,Collins,Alex
Seattle Seahawks,Cottom,Brandon
Seattle Seahawks,Coyle,Brock
Seattle Seahawks,Elliott,DeAndre
Seattle Seahawks,Fant,George
Seattle Seahawks,Frese,Nolan
Seattle Seahawks,Gilliam,Garry
Seattle Seahawks,Glowinski,Mark
Seattle Seahawks,Graham,Jimmy
Seattle Seahawks,Hauschka,Steven
Seattle Seahawks,Hill,Jordan
Seattle Seahawks,Hunt,Joey
Seattle Seahawks,Ifedi,Germain
Seattle Seahawks,Jean-Baptiste,Stanley
Seattle Seahawks,Jefferson,Quinton
Seattle Seahawks,Kearse,Jermaine
Seattle Seahawks,Lane,Jeremy
Seattle Seahawks,Lockett,Tyler
Seattle Seahawks,Madden,Tre
Seattle Seahawks,Magee,Terrence
Seattle Seahawks,Marsh,Cassius
Seattle Seahawks,McCray,Kelcie
Seattle Seahawks,McDaniel,Tony
Seattle Seahawks,McDonald,Dewey
Seattle Seahawks,McEvoy,Tanner
Seattle Seahawks,Michael,Christine
Seattle Seahawks,Morgan,Mike
Seattle Seahawks,Odhiambo,Rees
Seattle Seahawks,Pierre-Louis,Kevin
Seattle Seahawks,Poole,Terry
Seattle Seahawks,Powell,Tyvis
Seattle Seahawks,Prosise,C.J.
Seattle Seahawks,Rawls,Thomas
Seattle Seahawks,Reed,Jarran
Seattle Seahawks,Richardson,Paul
Seattle Seahawks,Rubin,Ahtyba
Seattle Seahawks,Ryan,Jon
Seattle Seahawks,Seisay,Mohammed
Seattle Seahawks,Shead,DeShawn
Seattle Seahawks,Sherman,Richard
Seattle Seahawks,Shields,Ronnie
Seattle Seahawks,Slavin,Tyler
Seattle Seahawks,Smith,Garrison
Seattle Seahawks,Sommers,Joe
Seattle Seahawks,Sowell,Bradley
Seattle Seahawks,Terrell,Steven
Seattle Seahawks,Thomas,Earl
Seattle Seahawks,Thorpe,Neiko
Seattle Seahawks,Vannett,Nick
Seattle Seahawks,Wagner,Bobby
Seattle Seahawks,Webb,J'Marcus
Seattle Seahawks,Williams,Brandon
Seattle Seahawks,Willson,Luke
Seattle Seahawks,Wilson,Russell
Seattle Seahawks,Wright,K.J.
